PAB,ID,Type,Time,Year,Previously_Taken
PAB6_1999,FANA,Onetool,4.436,1999_2000,2
PAB1_1999,TUA,Twotool,18.253,1999_2000,0
PAB1_1999,TUA,Twotool,7.298,1999_2000,8
PAB4_1999,JIRE,Twotool,5.459,1999_2000,0
PAB20_1999,VELU,Twotool,17.488,1999_2000,2
PAB15_1999,TUA,Onetool,4.409,1999_2000,2
PAB15_1999,TUA,Twotool,5.598,1999_2000,6
PAB10_1999,VELU,Twotool,3.103,1999_2000,0
PAB10_1999,VELU,Twotool,7.174,1999_2000,4
PAB10_1999,TUA,Twotool,5.539,1999_2000,6
PAB3_1999,JIRE,Twotool,18.518,1999_2000,0
PAB18_1999,JIRE,Twotool,6.44,1999_2000,2
PAB11_1999,TUA,Twotool,30.028,1999_2000,2
PAB15_1999,FANA,Onetool,4.071,1999_2000,3
PAB5_1999,YO,Twotool,9.878,1999_2000,2
PAB10_1999,YO,Twotool,4.904,1999_2000,8
PAB10_1999,YO,None,8.809,1999_2000,10
PAB17_1999,YO,Twotool,7.571,1999_2000,0
PAB15_1999,YO,Twotool,9.043,1999_2000,4
PAB5_1999,JIRE,Twotool,4.775,1999_2000,4
PAB12_2004,JIRE,Onetool,5.168,2004_2005,6
PAB12_2004,TUA,Twotool,8.108,2004_2005,2
PAB12_2004,TUA,Twotool,7.372,2004_2005,4
PAB4_2004,VELU,Twotool,4.935,2004_2005,2
PAB10_2004,YO,Onetool,6.639,2004_2005,4
PAB10_2004,YO,None,12.979,2004_2005,7
PAB5_2004,TUA,Twotool,3.404,2004_2005,0
PAB11_2004,VELU,Twotool,8.243,2004_2005,0
PAB15_2004,TUA,Twotool,2.934,2004_2005,6
PAB15_2004,TUA,Twotool,4.107,2004_2005,8
PAB28_2004,VELU,Twotool,12.276,2004_2005,2
PAB29_2004,VELU,Onetool,3.669,2004_2005,0
PAB16_2004,TUA,Twotool,7.674,2004_2005,8
PAB1_2004,YO,Onetool,8.074,2004_2005,8
PAB3_2004,YO,Twotool,16.25,2004_2005,0
PAB11_2004,JIRE,Twotool,5.774,2004_2005,2
PAB1_2004,TUA,Twotool,3.168,2004_2005,0
PAB1_2004,TUA,Twotool,1.436,2004_2005,4
PAB2_2004,TUA,Twotool,3.672,2004_2005,2
PAB19_2004,YO,Twotool,6.671,2004_2005,6
PAB19_2004,YO,Onetool,15.177,2004_2005,8
PAB4_2004,FANA,Twotool,6.908,2004_2005,0
PAB26_2004,VELU,Twotool,9.343,2004_2005,2
PAB2_2004,JIRE,Twotool,5.073,2004_2005,4
PAB10_2004,JIRE,Twotool,5.239,2004_2005,5
PAB11_2004,FANA,Onetool,21.831,2004_2005,6
PAB10_2008,TUA,Twotool,8.267,2008_2009,4
PAB8_2008,FANA,Onetool,3.835,2008_2009,2
PAB10_2008,FANA,Twotool,3.166,2008_2009,13
PAB10_2008,FANA,Twotool,6.11,2008_2009,15
PAB1_2008,JIRE,Twotool,3.934,2008_2009,4
PAB5_2008,JIRE,None,7.575,2008_2009,6
PAB7_2008,VELU,Twotool,6.689,2008_2009,0
PAB7_2008,VELU,Onetool,4.404,2008_2009,9
PAB7_2008,VELU,Onetool,2.668,2008_2009,11
PAB1_2008,TUA,Twotool,2.896,2008_2009,2
PAB12_2008,VELU,Twotool,15.983,2008_2009,4
PAB12_2008,VELU,Onetool,3.872,2008_2009,10
PAB1_2008,FANA,Onetool,15.785,2008_2009,8
PAB10_2008,JIRE,Twotool,6.871,2008_2009,9
PAB5_2008,FANA,Twotool,7.701,2008_2009,0
PAB5_2008,FANA,Twotool,19.053,2008_2009,0
PAB5_2008,FANA,None,17.518,2008_2009,6
PAB3_2008,TUA,Twotool,4.136,2008_2009,6
PAB3_2008,TUA,Twotool,9.417,2008_2009,8
PAB1_2008,YO,Twotool,25.358,2008_2009,6
PAB9_2008,TUA,Twotool,4.768,2008_2009,6
PAB7_2008,JIRE,Twotool,4.37,2008_2009,
PAB6_2008,JIRE,Twotool,3.064,2008_2009,8
PAB7_2008,TUA,Twotool,2.87,2008_2009,2
PAB12_2008,JIRE,Twotool,17.618,2008_2009,6
PAB15_2008,FANA,Onetool,6.343,2008_2009,2
PAB15_2008,FANA,Onetool,1.535,2008_2009,3
PAB8_2008,VELU,Onetool,4.773,2008_2009,2
PAB8_2008,VELU,Twotool,7.71,2008_2009,2
PAB10_2008,VELU,Twotool,3.637,2008_2009,6
PAB10_2008,VELU,Onetool,4.006,2008_2009,8
PAB10_2008,VELU,Twotool,20.391,2008_2009,11
PAB4_2008,JIRE,Twotool,11.212,2008_2009,0
PAB20_2008,YO,Twotool,21.991,2008_2009,4
PAB12_2008,YO,Twotool,15.176,2008_2009,8
PAB5_2008,YO,Twotool,15.379,2008_2009,2
PAB3_2008,YO,Twotool,28.727,2008_2009,2
PAB6_2008,YO,Onetool,9.745,2008_2009,11
PAB6_2008,TUA,Twotool,12.651,2008_2009,2
PAB2_2008,YO,Twotool,9.24,2008_2009,4
PAB9_2008,YO,Twotool,7.107,2008_2009,10
PAB6_2011,JIRE,None,22.988,2011_2012,0
PAB6_2011,JIRE,Twotool,16.483,2011_2012,1
PAB21_2011,YO,Onetool,43.985,2011_2012,0
PAB21_2011,YO,Onetool,17.024,2011_2012,1
PAB21_2011,YO,Onetool,15.498,2011_2012,2
PAB21_2011,YO,Onetool,13.749,2011_2012,3
PAB21_2011,YO,Twotool,12.526,2011_2012,4
PAB21_2011,YO,Twotool,28.25,2011_2012,6
PAB21_2011,YO,Onetool,31.744,2011_2012,8
PAB21_2011,YO,Onetool,19.007,2011_2012,9
PAB21_2011,YO,Twotool,50.475,2011_2012,10
PAB10_2011,TUA,Twotool,2.26,2011_2012,2
PAB10_2011,TUA,Onetool,4.498,2011_2012,4
PAB13_2011,JIRE,Twotool,19.622,2011_2012,2
PAB17_2011,JIRE,Twotool,5.048,2011_2012,4
PAB9_2011,TUA,Onetool,1.249,2011_2012,2
PAS6_2016,VELU,Twotool,5.309,2016_2017,4
PAS8_2016,YO,Twotool,20.577,2016_2017,0
PAS11_2016,VELU,Twotool,9.562,2016_2017,10
PAS14_2016,JIRE,Twotool,13.557,2016_2017,4
PAS7_2016,FANA,Twotool,39.049,2016_2017,4
PAS6_2016,FANA,Onetool,18.286,2016_2017,8
PAS11_2016,JIRE,Twotool,11.674,2016_2017,6
PAS14_2016,VELU,Twotool,11.457,2016_2017,6
PAS7_2016,JIRE,Twotool,11.04,2016_2017,2
PAS11_2016,FANA,Twotool,4.919,2016_2017,4
PAS11_2016,FANA,Twotool,29.538,2016_2017,8